Date,Open,High,Low,Close,Adj Close,Volume,company,Year,sentiment,knn_mean,knn_imputer,Close_pct_change,sentiment_imputed,sentiment_poly
2019-12-31,204.0,205.55999755859372,203.6000061035156,205.25,205.25,8953500,META,2019,,0.2583,0.06654000000000002,,0.022067056672122456,
2020-01-02,206.75,209.7899932861328,206.2700042724609,209.77999877929688,209.77999877929688,12077100,META,2020,,0.280875,0.22701000000000002,0.022067056672122456,0.022067056672122456,
2020-01-03,207.2100067138672,210.3999938964844,206.9499969482422,208.6699981689453,208.6699981689453,11188400,META,2020,,0.280875,0.06654000000000002,-0.0052912110681148615,-0.0052912110681148615,
2020-01-06,206.6999969482422,212.77999877929688,206.5200042724609,212.6000061035156,212.6000061035156,17058900,META,2020,,0.280875,-0.010555000000000004,0.01883137667606945,0.01883137667606945,
2020-01-07,212.82000732421875,214.5800018310547,211.75,213.05999755859372,213.05999755859372,14912400,META,2020,0.2583,0.2583,0.2583,0.0021636440455169203,0.2583,0.2583
2020-01-08,213.0,216.2400054931641,212.6100006103516,215.22000122070312,215.22000122070312,13475000,META,2020,,0.280875,0.2765000000000001,0.010137659292068765,0.010137659292068765,0.15998314447548037
2020-01-09,217.5399932861328,218.3800048828125,216.27999877929688,218.3000030517578,218.3000030517578,12642800,META,2020,0.30345,0.30345,0.30345,0.014309969176143756,0.30345,0.30345
2020-01-10,219.1999969482422,219.8800048828125,217.4199981689453,218.05999755859372,218.05999755859372,12119400,META,2020,,0.280875,0.22701000000000002,-0.0010994291942606322,-0.0010994291942606322,0.4875148420205268
2020-01-13,219.6000061035156,221.97000122070312,219.2100067138672,221.91000366210935,221.91000366210935,14463400,META,2020,,0.280875,0.10511999999999999,0.01765388493769553,0.01765388493769553,0.5900191378984034
2020-01-14,221.6100006103516,222.3800048828125,218.6300048828125,219.05999755859372,219.05999755859372,13288900,META,2020,,0.280875,0.29124,-0.012842365685277381,-0.012842365685277381,0.5544620555833056
2020-01-15,220.6100006103516,221.67999267578125,220.13999938964844,221.1499938964844,221.1499938964844,10036500,META,2020,,0.280875,0.06654000000000002,0.0095404590016679,0.0095404590016679,0.3766309722871967
2020-01-16,222.57000732421875,222.6300048828125,220.38999938964844,221.7700042724609,221.7700042724609,10015300,META,2020,,0.30345,0.06654000000000002,0.002803566668145658,0.002803566668145658,0.0912319831582871
2020-01-17,222.02999877929688,222.2899932861328,220.52999877929688,222.13999938964844,222.13999938964844,15905900,META,2020,,-0.04922499999999999,-0.08826,0.00166837158664336,0.00166837158664336,-0.2414795900450084
2020-01-21,222.16000366210935,222.3699951171875,219.1199951171875,221.44000244140625,221.44000244140625,14275800,META,2020,,-0.4019,0.20504000000000003,-0.003151141772039046,-0.003151141772039046,-0.5490686902801177
2020-01-22,222.30999755859372,222.75,221.27999877929688,221.32000732421875,221.32000732421875,12212800,META,2020,,-0.023516666666666658,0.22701000000000002,-0.000541885405163613,-0.000541885405163613,-0.7602900165463489
2020-01-23,220.75,221.4900054931641,219.2700042724609,219.75999450683597,219.75999450683597,11195000,META,2020,,0.1431388888888889,0.06654000000000002,-0.007048558333961071,-0.007048558333961071,-0.8184575152109346
2020-01-24,220.8000030517578,221.77999877929688,216.1100006103516,217.94000244140625,217.94000244140625,11905800,META,2020,,0.1826375,0.22701000000000002,-0.008281536689144244,-0.008281536689144244,-0.6948138713350802
2020-01-27,213.1000061035156,216.05999755859372,212.5,214.8699951171875,214.8699951171875,13810700,META,2020,-0.4019,-0.4019,-0.4019,-0.01408554761198527,-0.4019,-0.4019
2020-01-28,216.13999938964844,218.7400054931641,213.5200042724609,217.7899932861328,217.7899932861328,13413800,META,2020,,0.1826375,0.2765,0.013588767608675436,0.013588767608675436,-0.006924537632962191
2020-01-29,221.44000244140625,224.1999969482422,218.4499969482422,223.22999572753903,223.22999572753903,33181300,META,2020,0.35486666666666666,0.35486666666666666,0.35486666666666666,0.02497300855410323,0.35486666666666666,0.35486666666666666
2020-01-30,206.52999877929688,211.42999267578125,204.75,209.52999877929688,209.52999877929688,48775500,META,2020,0.47645000000000004,0.47645000000000004,0.47645000000000004,-0.06129473109691782,0.47645000000000004,0.47645000000000004
2020-01-31,208.42999267578125,208.69000244140625,201.05999755859372,201.91000366210935,201.91000366210935,31359900,META,2020,0.3011333333333333,0.3011333333333333,0.3011333333333333,-0.036351060112121955,0.3011333333333333,0.3011333333333333
2020-02-03,203.44000244140625,205.13999938964844,202.5,204.19000244140625,204.19000244140625,15495600,META,2020,,0.14611000000000002,0.04746,0.011291673682644023,0.011291673682644023,0.16168667486974433
2020-02-04,206.6199951171875,210.6000061035156,205.1999969482422,209.8300018310547,209.8300018310547,19628900,META,2020,,0.11027916666666666,0.138255,0.02761430744306171,0.02761430744306171,0.1357347230622369
2020-02-05,212.50999450683597,212.72999572753903,208.7100067138672,210.1100006103516,210.1100006103516,12538200,META,2020,0.0,0.0,0.0,0.0013344069516318376,0.0,0.0
2020-02-06,210.47000122070312,211.19000244140625,209.33999633789065,210.8500061035156,210.8500061035156,10567500,META,2020,,0.2939791666666667,0.06654000000000002,0.0035219762564849696,0.0035219762564849696,-0.3636492493811433
2020-02-07,210.3000030517578,212.82000732421875,209.92999267578125,212.3300018310547,212.3300018310547,12242500,META,2020,,0.31993472222222225,0.22701000000000002,0.007019072227700241,0.007019072227700241,-0.7197652735127764
2020-02-10,211.5200042724609,213.8000030517578,210.66000366210935,213.05999755859372,213.05999755859372,11856400,META,2020,,0.2886316666666667,0.02511,0.003438010856079656,0.003438010856079656,-0.6781494174795927
2020-02-11,210.19000244140625,210.8600006103516,206.50999450683597,207.19000244140625,207.19000244140625,25030800,META,2020,-0.068875,-0.068875,-0.068875,-0.027543933278556275,-0.068875,-0.068875
2020-02-12,207.8500061035156,211.22000122070312,207.3999938964844,210.75999450683597,210.75999450683597,13813700,META,2020,0.7003,0.7003,0.7003,0.01722881782862618,0.7003,0.7003
2020-02-13,209.5200042724609,214.3300018310547,209.17999267578125,213.13999938964844,213.13999938964844,15396600,META,2020,,0.173765,0.04746,0.011292008842693511,0.011292008842693511,0.8906510213667328
2020-02-14,214.0,214.92999267578125,212.6499938964844,214.17999267578125,214.17999267578125,10741700,META,2020,0.5106,0.5106,0.5106,0.004879351767130878,0.5106,0.5106
2020-02-18,213.5500030517578,217.97999572753903,213.3999938964844,217.8000030517578,217.8000030517578,15609200,META,2020,,0.21720625000000002,0.04746,0.016900111270477504,0.016900111270477504,0.06316497770950673
2020-02-19,217.9900054931641,218.32000732421875,216.1100006103516,217.4900054931641,217.4900054931641,12135100,META,2020,,0.04878500000000001,0.22701000000000002,-0.0014233119601341976,-0.0014233119601341976,-0.18589653781788995
2020-02-20,216.5200042724609,218.7700042724609,212.9499969482422,214.5800018310547,214.5800018310547,13109200,META,2020,-0.2732,-0.2732,-0.2732,-0.01337914363266533,-0.2732,-0.2732
2020-02-21,213.47999572753903,214.2400054931641,208.8300018310547,210.17999267578125,210.17999267578125,14092300,META,2020,,0.07820000000000002,0.16126000000000004,-0.02050234196953813,-0.02050234196953813,-0.33059582465360576
2020-02-24,201.8000030517578,203.6499938964844,198.1699981689453,200.72000122070312,200.72000122070312,23080100,META,2020,,-0.12916666666666665,0.39208,-0.044978632161730085,-0.044978632161730085,-0.4245817494382866
2020-02-25,202.25,203.5,195.9499969482422,196.7700042724609,196.7700042724609,21433500,META,2020,,-0.12916666666666665,0.41804499999999994,-0.019676599741005208,-0.019676599741005208,-0.5406765898631246
2020-02-26,197.19000244140625,201.2100067138672,195.4900054931641,197.1999969482422,197.1999969482422,16524500,META,2020,-0.6249,-0.6249,-0.6249,0.0021852517253260063,-0.6249,-0.6249
2020-02-27,191.82000732421875,195.8800048828125,189.5,189.75,189.75,21682600,META,2020,,-0.20969375,0.41804500000000006,-0.03776092679176447,-0.03776092679176447,-0.6269952143060937
2020-02-28,182.6999969482422,192.7400054931641,181.82000732421875,192.47000122070312,192.47000122070312,32568900,META,2020,,-0.20969375,0.19481333333333334,0.014333675530375942,0.014333675530375942,-0.5318632935791979
2020-03-02,194.02999877929688,196.57000732421875,188.8500061035156,196.44000244140625,196.44000244140625,24949000,META,2020,,-0.18852500000000003,0.123501,0.02062367262618083,0.02062367262618083,-0.3610727275578447
2020-03-03,196.22000122070312,197.2400054931641,183.97000122070312,185.88999938964844,185.88999938964844,27984100,META,2020,,-0.18852500000000003,-0.135,-0.05365440526959391,-0.05365440526959391,-0.16258054165423994
2020-03-04,189.1699981689453,191.8300018310547,186.38999938964844,191.75999450683597,191.75999450683597,23062500,META,2020,0.0,0.0,0.0,0.031567296856397226,0.0,0.0
2020-03-05,186.77999877929688,188.9900054931641,183.88999938964844,185.1699981689453,185.1699981689453,19333400,META,2020,0.059325,0.059325,0.059325,-0.034352333454305675,0.059325,0.059325
2020-03-06,178.3300018310547,183.77999877929688,176.25999450683594,181.08999633789065,181.08999633789065,24559600,META,2020,,-0.005958333333333334,0.154925,-0.022030251844981016,-0.022030251844981016,-0.014789369478962854
2020-03-09,169.60000610351562,175.0,165.19000244140625,169.5,169.5,29949000,META,2020,,-0.005958333333333334,-0.07062,-0.06391406263835767,-0.06391406263835767,-0.14930181128995443
2020-03-10,174.6699981689453,178.2899932861328,169.5,178.19000244140625,178.19000244140625,24517800,META,2020,,-0.005958333333333334,0.154925,0.051223579235672105,0.051223579235672105,-0.20687577033162974
2020-03-11,174.00999450683594,175.8800048828125,167.66000366210938,170.24000549316406,170.24000549316406,20373900,META,2020,-0.0772,-0.0772,-0.0772,-0.04458570150577292,-0.0772,-0.0772
2020-03-12,159.5399932861328,166.60000610351562,154.33999633789062,154.47000122070312,154.47000122070312,43266300,META,2020,,0.011865,0.08023000000000001,-0.09236989151953898,-0.09236989151953898,0.23170809866296108
2020-03-13,163.52999877929688,170.7899932861328,157.60000610351562,170.27999877929688,170.27999877929688,35028600,META,2020,,0.01483125,0.002560000000000029,0.10199405603640076,0.10199405603640076,0.5562310556292087
2020-03-16,152.32000732421875,159.1300048828125,143.10000610351562,146.00999450683594,146.00999450683594,39120400,META,2020,,0.085,-0.039569999999999994,-0.1415725998770167,-0.1415725998770167,0.6770378557507175
2020-03-17,150.74000549316406,153.94000244140625,140.0,149.4199981689453,149.4199981689453,34255600,META,2020,,-0.01986,0.002560000000000018,0.023350345489990983,0.023350345489990983,0.473002380434072
2020-03-18,139.75,148.17999267578125,137.10000610351562,146.9600067138672,146.9600067138672,37553100,META,2020,0.0772,0.0772,0.0772,-0.01646211517145046,0.0772,0.0772
2020-03-19,146.6199951171875,159.92999267578125,144.8000030517578,153.1300048828125,153.1300048828125,39862300,META,2020,0.0,0.0,0.0,0.04195954825660457,0.0,0.0
2020-03-20,156.02000427246094,159.27000427246094,148.0,149.72999572753906,149.72999572753906,32568400,META,2020,,-0.053647619047619055,0.19481333333333334,-0.022199767724397374,-0.022199767724397374,0.46467520429130793
2020-03-23,149.66000366210938,152.30999755859375,142.25,148.10000610351562,148.10000610351562,29830800,META,2020,0.34,0.34,0.34,-0.01088576293326288,0.34,0.34
2020-03-24,155.2100067138672,161.30999755859375,152.57000732421875,160.97999572753906,160.97999572753906,30440400,META,2020,-0.4393,-0.4393,-0.4393,0.08674959203792205,-0.4393,-0.4393
2020-03-25,158.9199981689453,162.99000549316406,153.05999755859375,156.2100067138672,156.2100067138672,35184300,META,2020,-0.3187,-0.3187,-0.3187,-0.029622273730018238,-0.3187,-0.3187
2020-03-26,158.25,164.0,157.02000427246094,163.33999633789062,163.33999633789062,26556800,META,2020,-0.024933333333333346,-0.024933333333333346,-0.024933333333333346,0.04561194573736463,-0.024933333333333346,-0.024933333333333346
2020-03-27,158.1999969482422,160.08999633789062,154.75,156.7899932861328,156.7899932861328,24879900,META,2020,-0.009800000000000003,-0.009800000000000003,-0.009800000000000003,-0.040078943049356434,-0.009800000000000003,-0.009800000000000003
2020-03-30,159.17999267578125,166.75,158.05999755859375,165.9499969482422,165.9499969482422,22515200,META,2020,,0.006661111111111118,0.45128,0.05835574202276884,0.05835574202276884,-0.02813129710653885
2020-03-31,165.47999572753906,170.92999267578125,164.1999969482422,166.8000030517578,166.8000030517578,23676300,META,2020,,0.006661111111111118,0.43533999999999995,0.005122016786836658,0.005122016786836658,0.06010286689349083
2020-04-01,161.6199951171875,164.14999389648438,158.0399932861328,159.60000610351562,159.60000610351562,19507600,META,2020,,0.003027777777777768,-0.14574499999999999,-0.04313865908006693,-0.04313865908006693,0.24037021677253081
2020-04-02,159.10000610351562,161.35000610351562,155.9199981689453,158.19000244140625,158.19000244140625,20886300,META,2020,,0.09149333333333333,0.03740000000000001,-0.008834379233015987,-0.008834379233015987,0.41737835429137177
2020-04-03,157.14999389648438,157.91000366210938,150.8300018310547,154.17999267578125,154.17999267578125,25983300,META,2020,0.4927,0.4927,0.4927,-0.0253438965551059,0.4927,0.4927
2020-04-06,160.14999389648438,166.1999969482422,158.50999450683594,165.5500030517578,165.5500030517578,28453600,META,2020,,0.327925,-0.20444,0.07361165104230824,0.07361165104230824,0.44079667104083015
2020-04-07,171.7899932861328,173.38999938964844,166.00999450683594,168.8300018310547,168.8300018310547,31411900,META,2020,,0.44049999999999995,0.14745,0.019810145601404018,0.019810145601404018,0.3434016950139747
2020-04-08,171.25,175.0,167.74000549316406,174.27999877929688,174.27999877929688,21664200,META,2020,0.3182,0.3182,0.3182,0.03226976604236551,0.3182,0.3182
2020-04-09,175.89999389648438,177.0800018310547,171.57000732421875,175.19000244140625,175.19000244140625,23534300,META,2020,,0.25637499999999996,0.43533999999999995,0.005221456268243486,0.005221456268243486,0.4079269519498926
2020-04-13,173.6699981689453,175.0,169.4499969482422,174.7899932861328,174.7899932861328,19355400,META,2020,,0.25637499999999996,-0.157755,-0.002283283603883047,-0.002283283603883047,0.5214181220119277
2020-04-14,178.97999572753906,181.22999572753903,176.6199951171875,178.1699981689453,178.1699981689453,21011800,META,2020,0.5106,0.5106,0.5106,0.01933510938657443,0.5106,0.5106
2020-04-15,175.19000244140625,178.19000244140625,172.82000732421875,176.97000122070312,176.97000122070312,17423000,META,2020,,0.21902,0.23160499999999998,-0.006735021699467547,-0.006735021699467547,0.299190880055998
2020-04-16,177.9499969482422,178.0500030517578,172.50999450683594,176.25,176.25,23593200,META,2020,,0.21902,0.43533999999999995,-0.0040684706058864125,-0.0040684706058864125,-0.03443890763489669
2020-04-17,179.1999969482422,180.27999877929688,176.66000366210938,179.24000549316406,179.24000549316406,20974800,META,2020,-0.296,-0.296,-0.296,0.01696294291253659,-0.296,-0.296
2020-04-20,177.41000366210938,180.5,176.77000427246094,178.24000549316406,178.24000549316406,16110700,META,2020,,0.15538000000000002,-0.21324,-0.00557905374909052,-0.00557905374909052,-0.2652234315430015
2020-04-21,175.25,175.3800048828125,168.33999633789062,170.8000030517578,170.8000030517578,24850500,META,2020,0.1264,0.1264,0.1264,-0.04171725868717729,0.1264,0.1264
2020-04-22,178.4499969482422,184.77999877929688,178.13999938964844,182.27999877929688,182.27999877929688,33242000,META,2020,0.43590000000000007,0.43590000000000007,0.43590000000000007,0.06711205716927462,0.43590000000000007,0.43590000000000007
2020-04-23,184.0800018310547,187.0500030517578,183.1499938964844,185.1300048828125,185.1300048828125,21426600,META,2020,,0.1801,0.41804499999999994,0.01563404599923993,0.01563404599923993,0.1472792106824262
2020-04-24,183.22999572753903,190.41000366210935,180.8300018310547,190.07000732421875,190.07000732421875,28792000,META,2020,0.0,0.0,0.0,0.02667763280848842,0.0,0.0
2020-04-27,192.66000366210935,193.75,187.41000366210935,187.5,187.5,29197800,META,2020,,0.1801,-0.1202,-0.013520548292557569,-0.013520548292557569,0.5185392631053739
2020-04-28,188.66000366210935,189.1999969482422,182.55999755859372,182.91000366210935,182.91000366210935,21731000,META,2020,0.6369,0.6369,0.6369,-0.024475091605885704,0.6369,0.6369
2020-04-29,190.92999267578125,196.91000366210935,190.0,194.19000244140625,194.19000244140625,45954500,META,2020,0.0903,0.0903,0.0903,0.061591604835026445,0.0903,0.0903
2020-04-30,206.9199981689453,209.69000244140625,201.57000732421875,204.7100067138672,204.7100067138672,46230100,META,2020,0.26720000000000005,0.26720000000000005,0.26720000000000005,0.054120834479000506,0.26720000000000005,0.26720000000000005
2020-05-01,201.6000061035156,207.27999877929688,199.0500030517578,202.2700042724609,202.2700042724609,30415600,META,2020,,0.26982083333333334,-0.00854666666666668,-0.011918747582288197,-0.011918747582288197,0.7194874365043135
2020-05-04,200.1999969482422,205.91000366210935,198.75999450683597,205.25999450683597,205.25999450683597,19250700,META,2020,,0.26982083333333334,-0.157755,0.014781096587233247,0.014781096587233247,0.6978537139309057
2020-05-05,207.0200042724609,210.3800048828125,206.5,207.07000732421875,207.07000732421875,21071200,META,2020,0.328525,0.328525,0.328525,0.008817918502964145,0.328525,0.328525
2020-05-06,208.1199951171875,211.6000061035156,206.66000366210935,208.47000122070312,208.47000122070312,21857000,META,2020,0.296,0.296,0.296,0.00676086596700923,0.296,0.296
2020-05-07,211.16000366210935,211.6000061035156,209.0399932861328,211.25999450683597,211.25999450683597,15152000,META,2020,,0.3159892857142857,0.09912,0.013382389360973301,0.013382389360973301,1.0874494619952317
2020-05-08,212.2400054931641,213.2100067138672,210.8500061035156,212.3500061035156,212.3500061035156,12506000,META,2020,,0.30308928571428567,0.34689000000000003,0.005159528318899547,0.005159528318899547,2.01509626051392
2020-05-11,210.88999938964844,215.0,210.3699951171875,213.17999267578125,213.17999267578125,12911900,META,2020,,0.30907083333333335,0.29225,0.003908558143970364,0.003908558143970364,1.8900722490221755
2020-05-12,213.2899932861328,215.27999877929688,210.0,210.1000061035156,210.1000061035156,14704600,META,2020,0.4915,0.4915,0.4915,-0.014446816732137392,0.4915,0.4915
2020-05-13,209.42999267578125,210.77999877929688,202.1100006103516,205.1000061035156,205.1000061035156,20684600,META,2020,-0.1366,-0.1366,-0.1366,-0.023793698931144944,-0.1366,-0.1366
2020-05-14,202.55999755859372,206.92999267578125,200.69000244140625,206.80999755859372,206.80999755859372,17178900,META,2020,0.875,0.875,0.875,0.008337161306427462,0.875,0.875
2020-05-15,205.2700042724609,211.33999633789065,204.1199951171875,210.8800048828125,210.8800048828125,19383200,META,2020,0.0,0.0,0.0,0.019677394787064453,0.0,0.0
2020-05-18,212.1499938964844,214.63999938964844,210.94000244140625,213.19000244140625,213.19000244140625,20151900,META,2020,,0.279365625,0.12639,0.010953647172861982,0.010953647172861982,-0.09862836550845089
2020-05-19,213.2700042724609,220.4900054931641,212.8300018310547,216.8800048828125,216.8800048828125,31843200,META,2020,0.3612,0.3612,0.3612,0.017306787156404747,0.3612,0.3612
2020-05-20,223.5,231.33999633789065,223.19000244140625,229.97000122070312,229.97000122070312,50162900,META,2020,0.0,0.0,0.0,0.06028275660501676,0.0,0.0
2020-05-21,234.72000122070312,237.1999969482422,231.1999969482422,231.38999938964844,231.38999938964844,47782600,META,2020,0.423925,0.423925,0.423925,0.006174631973314765,0.423925,0.423925
2020-05-22,231.50999450683597,235.9900054931641,228.7400054931641,234.91000366210935,234.91000366210935,33925600,META,2020,0.21989999999999998,0.21989999999999998,0.21989999999999998,0.015211257081323981,0.21989999999999998,0.21989999999999998
2020-05-26,239.7700042724609,240.8999938964844,231.6699981689453,232.1999969482422,232.1999969482422,33178300,META,2020,,0.16038796296296295,0.14534000000000002,-0.01153584970936014,-0.01153584970936014,-0.006776764162651236
2020-05-27,229.07000732421875,230.55999755859372,221.1300048828125,229.13999938964844,229.13999938964844,34697600,META,2020,-0.2182333333333333,-0.2182333333333333,-0.2182333333333333,-0.013177521407129137,-0.2182333333333333,-0.2182333333333333
2020-05-28,224.3000030517578,231.6300048828125,224.0,225.4600067138672,225.4600067138672,29377200,META,2020,-0.2212,-0.2212,-0.2212,-0.01605863808951242,-0.2212,-0.2212
2020-05-29,225.1999969482422,227.4900054931641,222.8800048828125,225.08999633789065,225.08999633789065,23241500,META,2020,0.8779,0.8779,0.8779,-0.001641133827607838,0.8779,0.8779
2020-06-01,224.58999633789065,232.44000244140625,223.5,231.91000366210935,231.91000366210935,18223800,META,2020,,0.20318452380952381,0.11717999999999999,0.030289756136508823,0.030289756136508823,0.7899360000210228
2020-06-02,230.94000244140625,233.0,226.55999755859372,232.72000122070312,232.72000122070312,20919000,META,2020,0.0,0.0,0.0,0.003492709465167806,0.0,0.0
2020-06-03,232.1100006103516,232.6499938964844,228.52999877929688,230.16000366210935,230.16000366210935,15380300,META,2020,0.34,0.34,0.34,-0.010999889526785522,0.34,0.34
2020-06-04,229.55999755859372,231.6300048828125,224.6100006103516,226.2899932861328,226.2899932861328,17041500,META,2020,,0.13549523809523809,-0.010555000000000004,-0.016812850361219888,-0.016812850361219888,1.0168055166491927
2020-06-05,226.7100067138672,231.3500061035156,225.30999755859372,230.7700042724609,230.7700042724609,16750400,META,2020,,0.19445,-0.14531,0.019795067841573664,0.019795067841573664,1.0705121200627592
2020-06-08,229.02999877929688,231.5500030517578,227.41000366210935,231.3999938964844,231.3999938964844,15466500,META,2020,,0.27758,0.04746,0.0027299391053578217,0.0027299391053578217,0.5508601815123186
2020-06-09,231.5200042724609,239.7700042724609,230.41000366210935,238.6699981689453,238.6699981689453,27462900,META,2020,0.0,0.0,0.0,0.03140714536029764,0.0,0.0
2020-06-10,240.9600067138672,241.2100067138672,235.27999877929688,236.72999572753903,236.72999572753903,20720700,META,2020,,0.1275,-0.10508000000000002,-0.00812820937548474,-0.00812820937548474,-0.12674812873300834
2020-06-11,229.94000244140625,232.88999938964844,223.5500030517578,224.42999267578125,224.42999267578125,26708200,META,2020,0.17,0.17,0.17,-0.051911235318475496,0.17,0.17
2020-06-12,229.8999938964844,231.66000366210935,224.5,228.5800018310547,228.5800018310547,22091400,META,2020,,0.0425,0.46672,0.018489223152578633,0.018489223152578633,0.5952160642106308
2020-06-15,225.08999633789065,233.7700042724609,224.8000030517578,232.5,232.5,15340300,META,2020,,0.0425,0.09912,0.01714766774017842,0.01714766774017842,0.8586539282468434
2020-06-16,237.13999938964844,238.4600067138672,233.0,235.6499938964844,235.6499938964844,15236700,META,2020,,0.17938,0.09912,0.013547531935580172,0.013547531935580172,0.7981826635679622
2020-06-17,235.0,237.58999633789065,231.72999572753903,235.52999877929688,235.52999877929688,19578100,META,2020,,0.14948333333333333,0.138255,-0.0005092090385069058,-0.0005092090385069058,0.4306568749538474
2020-06-18,234.9900054931641,236.13999938964844,232.1499938964844,235.94000244140625,235.94000244140625,15782500,META,2020,0.0,0.0,0.0,0.0017407686922796377,0.0,0.0
2020-06-19,237.7899932861328,240.8300018310547,235.5500030517578,238.7899932861328,238.7899932861328,30081300,META,2020,0.0,0.0,0.0,0.01207871581623742,0.0,0.0
2020-06-22,238.55999755859372,240.6999969482422,236.91000366210935,239.22000122070312,239.22000122070312,18917800,META,2020,,0.23105238095238093,-0.157755,0.0018007767571950766,0.0018007767571950766,0.5923625355922346
2020-06-23,241.27999877929688,245.19000244140625,239.8600006103516,242.2400054931641,242.2400054931641,24017900,META,2020,0.7269,0.7269,0.7269,0.012623709679681586,0.7269,0.7269
2020-06-24,241.1999969482422,243.22000122070312,232.67999267578125,234.0200042724609,234.0200042724609,20834900,META,2020,0.0,0.0,0.0,-0.033920275193783093,0.0,0.0
2020-06-25,234.6199951171875,237.3000030517578,232.7400054931641,235.67999267578125,235.67999267578125,18704300,META,2020,,0.12982936507936504,-0.16962,0.007093242168941238,0.007093242168941238,-0.2770576457209335
2020-06-26,232.63999938964844,233.08999633789065,215.3999938964844,216.0800018310547,216.0800018310547,76343900,META,2020,0.21901428571428574,0.21901428571428574,0.21901428571428574,-0.08297237957567523,0.21901428571428574,0.21901428571428574
2020-06-29,209.75,220.75,207.1100006103516,220.63999938964844,220.63999938964844,58514300,META,2020,0.4404,0.4404,0.4404,0.021100151383965277,0.4404,0.4404
2020-06-30,220.58999633789065,227.5,218.47000122070312,227.07000732421875,227.07000732421875,33927100,META,2020,-0.10606666666666666,-0.10606666666666666,-0.10606666666666666,0.029134283280228948,-0.10606666666666666,-0.10606666666666666
2020-07-01,228.5,239.0,227.55999755859372,237.5500030517578,237.5500030517578,43399700,META,2020,-0.20095,-0.20095,-0.20095,0.04612040574470902,-0.20095,-0.20095
2020-07-02,239.0,240.0,232.6100006103516,233.4199981689453,233.4199981689453,30633600,META,2020,0.08916666666666663,0.08916666666666663,0.08916666666666663,-0.017384082333699227,0.08916666666666663,0.08916666666666663
2020-07-06,233.75999450683597,240.3999938964844,232.2700042724609,240.27999877929688,240.27999877929688,26206200,META,2020,0.0,0.0,0.0,0.029380628523453224,0.0,0.0
2020-07-07,239.41000366210935,247.6499938964844,238.82000732421875,240.8600006103516,240.8600006103516,27887800,META,2020,0.0,0.0,0.0,0.0024138534522344423,0.0,0.0
2020-07-08,238.1100006103516,246.9900054931641,236.58999633789065,243.5800018310547,243.5800018310547,29791300,META,2020,-0.03260000000000002,-0.03260000000000002,-0.03260000000000002,0.011292392233646848,-0.03260000000000002,-0.03260000000000002
2020-07-09,245.0,246.52999877929688,239.2400054931641,244.5,244.5,22174900,META,2020,0.5106,0.5106,0.5106,0.0037769676790904675,0.5106,0.5106
2020-07-10,243.69000244140625,245.4900054931641,239.32000732421875,245.07000732421875,245.07000732421875,22982700,META,2020,0.5719,0.5719,0.5719,0.0023313140758656416,0.5719,0.5719
2020-07-13,247.00999450683597,250.1499938964844,238.4199981689453,239.0,239.0,24674900,META,2020,,0.14238333333333333,0.123501,-0.024763398938780514,-0.024763398938780514,0.21453666476044259
2020-07-14,236.75999450683597,240.3300018310547,232.02999877929688,239.72999572753903,239.72999572753903,23378100,META,2020,,0.1499857142857143,0.43533999999999995,0.00305436593076646,0.00305436593076646,-0.010006302304039587
2020-07-15,241.5500030517578,244.82000732421875,238.0500030517578,240.27999877929688,240.27999877929688,19133600,META,2020,,0.17498333333333335,-0.157755,0.0022942564408193165,0.0022942564408193165,-0.030119510577107853
2020-07-16,238.0,241.75999450683597,236.3300018310547,240.92999267578125,240.92999267578125,18880700,META,2020,0.0,0.0,0.0,0.002705145306611465,0.0,0.0
2020-07-17,241.0,244.16000366210935,237.8600006103516,242.02999877929688,242.02999877929688,18152400,META,2020,0.0,0.0,0.0,0.004565635220581116,0.0,0.0
2020-07-20,240.05999755859372,246.0500030517578,235.63999938964844,245.4199981689453,245.4199981689453,20872200,META,2020,,0.19063333333333332,0.03740000000000001,0.014005609790769463,0.014005609790769463,0.07553067594334628
2020-07-21,246.22000122070312,246.91000366210935,240.0800018310547,241.75,241.75,19364200,META,2020,,0.0,-0.157755,-0.014952834562795302,-0.014952834562795302,0.28132740735432293
2020-07-22,240.25999450683597,241.8999938964844,238.1199951171875,239.8699951171875,239.8699951171875,15427900,META,2020,,0.0,0.04746,-0.0077764921827054145,-0.0077764921827054145,0.5482937392082914
2020-07-23,239.6300048828125,242.4199981689453,231.75,232.6000061035156,232.6000061035156,21771800,META,2020,,-0.0903,0.41804500000000006,-0.030298761678658193,-0.030298761678658193,0.7437626085967186
2020-07-24,230.19000244140625,233.4900054931641,226.8999938964844,230.7100067138672,230.7100067138672,18325800,META,2020,,-0.05323,0.11717999999999999,-0.00812535574312354,-0.00812535574312354,0.7371651687926539
2020-07-27,231.4600067138672,234.9499969482422,230.8300018310547,233.5,233.5,13163100,META,2020,,-0.0665375,0.29225,0.01209248497139331,0.01209248497139331,0.4656996133162024
2020-07-28,234.6300048828125,234.9600067138672,229.8300018310547,230.1199951171875,230.1199951171875,14170100,META,2020,0.0,0.0,0.0,-0.014474384684429475,0.0,0.0
2020-07-29,231.13999938964844,233.6999969482422,230.30999755859372,233.2899932861328,233.2899932861328,13588300,META,2020,,-0.08871666666666667,0.15662000000000004,0.013774542570529116,0.013774542570529116,-0.3961582717307604
2020-07-30,230.22000122070312,234.88999938964844,229.0,234.5,234.5,20615300,META,2020,-0.3612,-0.3612,-0.3612,0.005186659943862456,-0.3612,-0.3612
2020-07-31,255.82000732421875,255.8500061035156,249.0,253.6699981689453,253.6699981689453,53005100,META,2020,0.09505,0.09505,0.09505,0.08156677579981775,0.09505,0.09505
2020-08-03,252.6499938964844,255.3999938964844,250.3300018310547,251.9600067138672,251.9600067138672,23124900,META,2020,,-0.07759,0.43533999999999995,-0.006740905769482461,-0.006740905769482461,0.4633038335109736
2020-08-04,251.55999755859372,252.8000030517578,247.42999267578125,249.8300018310547,249.8300018310547,17183500,META,2020,,-0.11769166666666668,-0.010555000000000004,-0.008453540588608798,-0.008453540588608798,0.47077167456797153
2020-08-05,250.19000244140625,252.2700042724609,247.7700042724609,249.1199951171875,249.1199951171875,13050100,META,2020,,-0.11769166666666668,0.29225,-0.002841951715798815,-0.002841951715798815,0.23404535066062881
2020-08-06,249.0399932861328,266.6000061035156,248.6699981689453,265.2799987792969,265.2799987792969,45241600,META,2020,0.0,0.0,0.0,0.06477751881914601,0.0,0.0
2020-08-07,264.0799865722656,278.8900146484375,263.42999267578125,268.44000244140625,268.44000244140625,72766400,META,2020,-0.12179999999999999,-0.12179999999999999,-0.12179999999999999,0.011911392575947467,-0.12179999999999999,-0.12179999999999999
2020-08-10,268.0400085449219,273.8599853515625,259.69000244140625,263.0,263.0,30248800,META,2020,,-0.0862375,-0.00854666666666668,-0.020262471367513798,-0.020262471367513798,-0.22324564608712988
2020-08-11,260.19000244140625,265.9200134277344,255.1300048828125,256.1300048828125,256.1300048828125,28238300,META,2020,-0.3182,-0.3182,-0.3182,-0.026115714768659856,-0.3182,-0.3182
2020-08-12,258.9700012207031,263.8999938964844,258.1099853515625,259.8900146484375,259.8900146484375,21415700,META,2020,,-0.14666666666666664,0.299645,0.014679028685156225,0.014679028685156225,-0.3365301565886691
2020-08-13,261.54998779296875,265.1600036621094,259.57000732421875,261.29998779296875,261.29998779296875,17374000,META,2020,,-0.10999999999999999,0.23160499999999998,0.0054252154054522436,0.0054252154054522436,-0.25387657986586915
2020-08-14,262.3099975585937,262.6499938964844,258.67999267578125,261.239990234375,261.239990234375,14792700,META,2020,,-0.088,0.08458000000000002,-0.00022961178852748003,-0.00022961178852748003,-0.1077707753694574
2020-08-17,262.5,264.1000061035156,259.3999938964844,261.1600036621094,261.1600036621094,13351100,META,2020,,-0.10999999999999999,0.29124,-0.00030618041936982063,-0.00030618041936982063,0.03392071310012858
2020-08-18,260.95001220703125,265.1499938964844,259.260009765625,262.3399963378906,262.3399963378906,18690400,META,2020,,-0.018399999999999993,-0.16962,0.004518244101416875,0.004518244101416875,0.10638590965106816
2020-08-19,261.3900146484375,267.9100036621094,261.3500061035156,262.5899963378906,262.5899963378906,23291500,META,2020,,0.0006080000000000058,0.43533999999999995,0.0009529615301207771,0.0009529615301207771,0.08125701247135614
2020-08-20,261.5,269.6300048828125,261.4599914550781,269.010009765625,269.010009765625,20299700,META,2020,0.0,0.0,0.0,0.024443941685997537,0.0,0.0
2020-08-21,268.69000244140625,270.489990234375,266.4200134277344,267.010009765625,267.010009765625,15538600,META,2020,0.0,0.0,0.0,-0.007434530607376965,0.0,0.0
2020-08-24,271.07000732421875,277.25,268.7699890136719,271.3900146484375,271.3900146484375,23685600,META,2020,,0.048938,0.43533999999999995,0.016402426486654575,0.016402426486654575,0.16438402927391632
2020-08-25,272.4100036621094,283.0899963378906,270.260009765625,280.82000732421875,280.82000732421875,42127200,META,2020,0.2446,0.2446,0.2446,0.0347330368940641,0.2446,0.2446
2020-08-26,284.0,304.6700134277344,284.0,303.9100036621094,303.9100036621094,69015200,META,2020,0.07664,0.07664,0.07664,0.08203867682942356,0.07664,0.07664
2020-08-27,300.1600036621094,301.2300109863281,292.0199890136719,293.2200012207031,293.2200012207031,30301300,META,2020,,0.04078166666666667,-0.00854666666666668,-0.03516039510236832,-0.03516039510236832,-0.09011625298391088
2020-08-28,295.0,297.2300109863281,290.9800109863281,293.6600036621094,293.6600036621094,17157400,META,2020,-0.07655,-0.07655,-0.07655,0.0015005869630794163,-0.07655,-0.07655
2020-08-31,293.95001220703125,296.8800048828125,291.54998779296875,293.20001220703125,293.20001220703125,17345100,META,2020,,0.048938,0.23160499999999998,-0.0015664069778829647,-0.0015664069778829647,0.07672918561541633
2020-09-01,294.7099914550781,301.489990234375,292.7099914550781,295.44000244140625,295.44000244140625,17295900,META,2020,,0.061172500000000005,0.23160499999999998,0.007639654031178886,0.007639654031178886,0.2315728491083116
2020-09-02,298.8800048828125,303.6000061035156,293.04998779296875,302.5,302.5,24341400,META,2020,,0.061172500000000005,0.15492499999999998,0.023892004968364428,0.023892004968364428,0.23786460501859058
2020-09-03,295.989990234375,297.6000061035156,283.6300048828125,291.1199951171875,291.1199951171875,32294100,META,2020,0.0,0.0,0.0,-0.03760211368874249,0.0,0.0
2020-09-04,287.25,289.0,271.1400146484375,282.7300109863281,282.7300109863281,30333700,META,2020,,-0.30821666666666664,-0.00854666666666668,-0.02881170036215857,-0.02881170036215857,-0.4588879146697814
2020-09-08,271.2799987792969,279.29998779296875,269.4200134277344,271.1600036621094,271.1600036621094,24864000,META,2020,,-0.2311625,0.123501,-0.04089963087175142,-0.04089963087175142,-0.9722234707425975
2020-09-09,275.7699890136719,278.4800109863281,271.3500061035156,273.7200012207031,273.7200012207031,22918800,META,2020,,-0.212025,0.39208,0.009440630876664396,0.009440630876664396,-1.3056044387607477
2020-09-10,275.510009765625,279.1600036621094,267.0299987792969,268.0899963378906,268.0899963378906,24814700,META,2020,,-0.17246999999999998,0.123501,-0.02056558177758671,-0.02056558177758671,-1.2719385439814663
2020-09-11,270.0599975585937,271.3900146484375,262.6400146484375,266.6099853515625,266.6099853515625,18913900,META,2020,-0.8481,-0.8481,-0.8481,-0.005520519122009792,-0.8481,-0.8481
2020-09-14,270.95001220703125,276.6400146484375,265.70001220703125,266.1499938964844,266.1499938964844,24093800,META,2020,,-0.20319166666666666,0.34428000000000003,-0.001725332972960535,-0.001725332972960535,-0.2835493716776851
2020-09-15,270.6700134277344,274.5199890136719,269.29998779296875,272.4200134277344,272.4200134277344,18478500,META,2020,0.0,0.0,0.0,0.02355386060687359,0.0,0.0
2020-09-16,267.2900085449219,272.44000244140625,261.7900085449219,263.5199890136719,263.5199890136719,29183400,META,2020,0.0,0.0,0.0,-0.03265861120529756,0.0,0.0
2020-09-17,258.2799987792969,261.5,250.19000244140625,254.82000732421875,254.82000732421875,31281400,META,2020,-0.014249999999999985,-0.014249999999999985,-0.014249999999999985,-0.03300251426652546,-0.014249999999999985,-0.014249999999999985
2020-09-18,258.3999938964844,259.20001220703125,250.0500030517578,252.52999877929688,252.52999877929688,28130800,META,2020,-0.3568,-0.3568,-0.3568,-0.008986527087843163,-0.3568,-0.3568
2020-09-21,247.5399932861328,249.9499969482422,244.1300048828125,248.1499938964844,248.1499938964844,24709400,META,2020,,-0.17416428571428572,0.123501,-0.01734275429621247,-0.01734275429621247,-0.6618085781371295
2020-09-22,253.30999755859372,255.32000732421875,248.22000122070312,254.75,254.75,30293100,META,2020,,-0.05300714285714286,-0.00854666666666668,0.026590572001725505,0.026590572001725505,-0.5873669367417506
2020-09-23,255.25999450683597,257.989990234375,248.1499938964844,249.0200042724609,249.0200042724609,19641300,META,2020,,0.025106249999999997,0.138255,-0.02248883069758839,-0.02248883069758839,-0.2613036659279312
2020-09-24,246.5,252.2400054931641,245.6199951171875,249.52999877929688,249.52999877929688,20006800,META,2020,0.0,0.0,0.0,0.002048003313223128,0.0,0.0
2020-09-25,249.3999938964844,255.75,246.6100006103516,254.82000732421875,254.82000732421875,18351300,META,2020,0.0,0.0,0.0,0.021196714654141104,0.0,0.0
2020-09-28,259.3999938964844,259.6000061035156,254.82000732421875,256.82000732421875,256.82000732421875,18826300,META,2020,,0.04301999999999999,-0.16962,0.007848516112174735,0.007848516112174735,-0.12346739288867364
2020-09-29,257.8099975585937,263.3299865722656,256.8999938964844,261.7900085449219,261.7900085449219,20200200,META,2020,0.0,0.0,0.0,0.019349664142767564,0.0,0.0
2020-09-30,261.9800109863281,266.0799865722656,260.1000061035156,261.8999938964844,261.8999938964844,20142500,META,2020,0.5719,0.5719,0.5719,0.0004201281236924703,0.5719,0.5719
2020-10-01,265.3500061035156,268.3299865722656,264.79998779296875,266.6300048828125,266.6300048828125,20009800,META,2020,,0.142975,0.12639,0.018058407369426238,0.018058407369426238,1.4037793238370746
2020-10-02,261.2099914550781,265.1499938964844,259.17999267578125,259.94000244140625,259.94000244140625,16367600,META,2020,,0.142975,-0.21324,-0.025085694638661078,-0.025085694638661078,2.2270248493004896
2020-10-05,262.20001220703125,264.8699951171875,260.8399963378906,264.6499938964844,264.6499938964844,12822300,META,2020,,0.19063333333333332,0.29225,0.01811755028478603,0.01811755028478603,2.8507553139037722
2020-10-06,261.7799987792969,265.69000244140625,258.239990234375,258.6600036621094,258.6600036621094,18696900,META,2020,,0.3859333333333333,-0.16962,-0.022629766593008922,-0.022629766593008922,3.1614106020970607
2020-10-07,259.2099914550781,260.17999267578125,254.82000732421875,258.1199951171875,258.1199951171875,23133400,META,2020,,0.3859333333333333,0.43533999999999995,-0.002087712644881997,-0.002087712644881997,3.1158427322652646
2020-10-08,259.75,264.6199951171875,259.1499938964844,263.760009765625,263.760009765625,16312800,META,2020,,0.3859333333333333,-0.21324,0.021846882614060214,0.021846882614060214,2.734406843726239
2020-10-09,264.5199890136719,264.75,262.1700134277344,264.45001220703125,264.45001220703125,14107800,META,2020,,0.29295,0.2468,0.0026160177503583514,0.0026160177503583514,2.094052183728949
2020-10-12,270.20001220703125,280.17999267578125,267.8699951171875,275.75,275.75,31019300,META,2020,,0.29295,0.05958999999999999,0.04270415909186476,0.04270415909186476,1.321413094451639
2020-10-13,277.5799865722656,279.1000061035156,273.3900146484375,276.1400146484375,276.1400146484375,18063300,META,2020,0.5859,0.5859,0.5859,0.0014143767483866109,0.5859,0.5859
2020-10-14,277.6199951171875,278.75,271.5,271.82000732421875,271.82000732421875,15577800,META,2020,,0.05967499999999999,0.04746,-0.015642987973689047,-0.015642987973689047,0.09040539891712389
2020-10-15,267.6000061035156,269.0400085449219,263.6700134277344,266.7200012207031,266.7200012207031,15416100,META,2020,0.0,0.0,0.0,-0.018760236922229466,0.0,0.0
2020-10-16,267.3800048828125,271.3699951171875,265.29998779296875,265.92999267578125,265.92999267578125,16622700,META,2020,,0.04773999999999999,-0.22854999999999998,-0.0029619309802162257,-0.0029619309802162257,0.22118106710046365
2020-10-19,265.5299987792969,268.54998779296875,259.8800048828125,261.3999938964844,261.3999938964844,13587000,META,2020,,0.04773999999999999,0.15662000000000004,-0.017032906363413147,-0.017032906363413147,0.32611888259753424
2020-10-20,263.0599975585937,269.70001220703125,262.8800048828125,267.5599975585937,267.5599975585937,18763200,META,2020,0.0,0.0,0.0,0.023561070320455978,0.0,0.0
2020-10-21,279.5599975585937,283.04998779296875,276.3699951171875,278.7300109863281,278.7300109863281,28998600,META,2020,-0.3472,-0.3472,-0.3472,0.04172345924728175,-0.3472,-0.3472
2020-10-22,279.8699951171875,282.45001220703125,275.0400085449219,278.1199951171875,278.1199951171875,16720000,META,2020,0.0,0.0,0.0,-0.0021885511826957352,0.0,0.0
2020-10-23,278.79998779296875,285.239990234375,276.82000732421875,284.7900085449219,284.7900085449219,17535200,META,2020,,0.02499642857142857,0.23160499999999998,0.023977905447445373,0.023977905447445373,0.5694844851603906
2020-10-26,283.1600036621094,285.2300109863281,274.260009765625,277.1099853515625,277.1099853515625,21322900,META,2020,,0.029162499999999997,0.17226500000000003,-0.026960784345534235,-0.026960784345534235,0.7532424367986355
2020-10-27,278.760009765625,284.510009765625,276.3099975585937,283.2900085449219,283.2900085449219,16287200,META,2020,0.4588,0.4588,0.4588,0.022298001322697523,0.4588,0.4588
2020-10-28,278.7900085449219,278.7900085449219,267.260009765625,267.6700134277344,267.6700134277344,23121800,META,2020,,0.029162500000000008,0.43533999999999995,-0.05508201727663368,-0.05508201727663368,-0.011438483963428168
2020-10-29,276.54998779296875,283.6000061035156,273.7799987792969,280.8299865722656,280.8299865722656,32368100,META,2020,-0.1779,-0.1779,-0.1779,0.04912533846650949,-0.1779,-0.1779
2020-10-30,274.5,276.70001220703125,259.1000061035156,263.1099853515625,263.1099853515625,47247800,META,2020,0.24127500000000002,0.24127500000000002,0.24127500000000002,-0.06301507103663029,0.24127500000000002,0.24127500000000002
2020-11-02,264.6000061035156,270.4700012207031,257.3399963378906,261.3599853515625,261.3599853515625,27165700,META,2020,,0.32001875,0.09123333333333332,-0.006651112812251001,-0.006651112812251001,1.080993899193719
2020-11-03,263.1600036621094,270.04998779296875,260.8800048828125,265.29998779296875,265.29998779296875,17961900,META,2020,,0.32001875,0.07191499999999999,0.015073860677496246,0.015073860677496246,1.9116352425006564
2020-11-04,281.0,288.94000244140625,278.6199951171875,287.3800048828125,287.3800048828125,35364400,META,2020,,0.23547500000000002,0.002560000000000029,0.08303497415994092,0.08303497415994092,2.2751845520102227
2020-11-05,291.8999938964844,297.3800048828125,288.95001220703125,294.67999267578125,294.67999267578125,23823600,META,2020,,0.31003499999999995,0.43533999999999995,0.025396401826776167,0.025396401826776167,1.8740710000539527
2020-11-06,293.95001220703125,294.6000061035156,288.0599975585937,293.4100036621094,293.4100036621094,13891000,META,2020,0.7579,0.7579,0.7579,-0.004309695881951563,0.7579,0.7579
2020-11-09,289.8699951171875,292.5799865722656,278.5299987792969,278.7699890136719,278.7699890136719,25117700,META,2020,,0.345615,0.076661,-0.04985473293806721,-0.04985473293806721,-0.5015295299777557
2020-11-10,273.1000061035156,274.0,264.0,272.42999267578125,272.42999267578125,29067700,META,2020,,0.37170000000000003,-0.1202,-0.022738830323654802,-0.022738830323654802,-0.9398064057904503
2020-11-11,273.4700012207031,278.3999938964844,272.4800109863281,276.4800109863281,276.4800109863281,14957000,META,2020,-0.1027,-0.1027,-0.1027,0.014865176692353523,-0.1027,-0.1027
2020-11-12,277.17999267578125,279.75,274.42999267578125,275.0799865722656,275.0799865722656,12899500,META,2020,0.8316,0.8316,0.8316,-0.005063702229105436,0.8316,0.8316
2020-11-13,277.7200012207031,277.760009765625,273.1000061035156,276.95001220703125,276.95001220703125,10391200,META,2020,0.0,0.0,0.0,0.0067980111939130285,0.0,0.0
2020-11-16,275.04998779296875,279.4100036621094,274.6300048828125,278.9599914550781,278.9599914550781,12970400,META,2020,,0.37170000000000003,0.29225,0.007257425059677036,0.007257425059677036,-1.9634095810169547
2020-11-17,277.67999267578125,277.67999267578125,273.2900085449219,275.0,275.0,15040300,META,2020,,0.24296666666666666,0.19741999999999998,-0.014194599943543953,-0.014194599943543953,-3.746312920776343
2020-11-18,274.5199890136719,277.3900146484375,271.8399963378906,271.9700012207031,271.9700012207031,12152900,META,2020,,0.182225,0.22701000000000002,-0.011017731531145629,-0.011017731531145629,-4.6574496919851995
2020-11-19,271.0199890136719,273.4700012207031,269.19000244140625,272.94000244140625,272.94000244140625,12963700,META,2020,,0.182225,0.29225,0.0035665591918921176,0.0035665591918921176,-4.530381987529006
2020-11-20,272.5599975585937,273.0,269.4100036621094,269.70001220703125,269.70001220703125,18114700,META,2020,,0.2772,0.11717999999999999,-0.011870147386622959,-0.011870147386622959,-3.5684926601679767
2020-11-23,270.8900146484375,270.95001220703125,264.5299987792969,268.42999267578125,268.42999267578125,20990800,META,2020,,-0.0092,0.10862500000000001,-0.0047089732532167375,-0.0047089732532167375,-2.1899836622332804
2020-11-24,268.489990234375,277.82000732421875,267.8699951171875,276.9200134277344,276.9200134277344,16930400,META,2020,,-0.0138,-0.010555000000000004,0.03161789329057178,0.03161789329057178,-0.872874385323323
2020-11-25,278.1400146484375,280.17999267578125,272.6499938964844,275.5899963378906,275.5899963378906,12467000,META,2020,0.0,0.0,0.0,-0.004802855693342921,0.0,0.0
2020-11-27,277.3900146484375,279.1300048828125,274.82000732421875,277.8099975585937,277.8099975585937,7808400,META,2020,,-0.0685,0.06654000000000002,0.008055274983229927,0.008055274983229927,0.29255291940082084
2020-11-30,276.0299987792969,277.70001220703125,271.010009765625,276.9700012207031,276.9700012207031,16693300,META,2020,,-0.0685,-0.22854999999999998,-0.0030236268868216606,-0.0030236268868216606,0.17764135698887332
2020-12-01,279.1600036621094,289.29998779296875,278.9599914550781,286.54998779296875,286.54998779296875,20738900,META,2020,-0.0276,-0.0276,-0.0276,0.034574748041090037,-0.0276,-0.0276
2020-12-02,285.3599853515625,291.7799987792969,280.8299865722656,287.5199890136719,287.5199890136719,17361600,META,2020,,-0.090655,0.23160499999999998,0.003385090061021756,0.003385090061021756,-0.1115666436334357
2020-12-03,286.25,286.6499938964844,281.07000732421875,281.8500061035156,281.8500061035156,12921700,META,2020,,-0.060514,0.29225,-0.01971775264376063,-0.01971775264376063,-0.11151738047048584
2020-12-04,280.29998779296875,283.4599914550781,279.29998779296875,279.70001220703125,279.70001220703125,10880300,META,2020,-0.1779,-0.1779,-0.1779,-0.007628001238753429,-0.1779,-0.1779
2020-12-07,279.19000244140625,288.489990234375,278.20001220703125,285.5799865722656,285.5799865722656,13007700,META,2020,,-0.055354,0.29225,0.021019335209052532,0.021019335209052532,-0.3343692159241482
2020-12-08,286.010009765625,286.42999267578125,281.54998779296875,283.3999938964844,283.3999938964844,10747700,META,2020,,-0.046128333333333334,0.06654000000000002,-0.007633414229342801,-0.007633414229342801,-0.37928915680860276
2020-12-09,283.6600036621094,287.6300048828125,271.75,277.9200134277344,277.9200134277344,25189700,META,2020,-0.15711999999999998,-0.15711999999999998,-0.15711999999999998,-0.01933414853960347,-0.15711999999999998,-0.15711999999999998
2020-12-10,275.5400085449219,278.7300109863281,271.8599853515625,277.1199951171875,277.1199951171875,20065100,META,2020,0.06004999999999999,0.06004999999999999,0.06004999999999999,-0.002878583988820594,0.06004999999999999,0.06004999999999999
2020-12-11,274.5299987792969,276.4800109863281,270.25,273.54998779296875,273.54998779296875,14391400,META,2020,0.0258,0.0258,0.0258,-0.012881819817583563,0.0258,0.0258
2020-12-14,273.3699951171875,277.2200012207031,271.5599975585937,274.19000244140625,274.19000244140625,16376900,META,2020,,-0.11973857142857144,-0.21324,0.0023396582313381293,0.0023396582313381293,0.21079899784971004
2020-12-15,274.8299865722656,276.0799865722656,267.4700012207031,275.54998779296875,275.54998779296875,23979500,META,2020,0.0,0.0,0.0,0.0049599700459881995,0.0,0.0
2020-12-16,274.760009765625,277.8599853515625,272.510009765625,275.6700134277344,275.6700134277344,15885000,META,2020,,-0.14207437499999997,-0.08826,0.0004355856740765614,0.0004355856740765614,-0.8962575511303638
2020-12-17,277.07000732421875,280.44000244140625,273.6099853515625,274.4800109863281,274.4800109863281,16377800,META,2020,-0.9001,-0.9001,-0.9001,-0.004316737373728752,-0.9001,-0.9001
2020-12-18,275.7699890136719,278.0,271.1400146484375,276.3999938964844,276.3999938964844,26693200,META,2020,0.3111,0.3111,0.3111,0.006994868548307523,0.3111,0.3111
2020-12-21,272.9800109863281,274.6700134277344,267.7900085449219,272.7900085449219,272.7900085449219,16553700,META,2020,,-0.17325416666666668,-0.22854999999999998,-0.01305998617344566,-0.01305998617344566,0.515581044578582
2020-12-22,271.5,271.5,264.6300048828125,267.0899963378906,267.0899963378906,17312900,META,2020,-0.226325,-0.226325,-0.226325,-0.020892197700518495,-0.226325,-0.226325
2020-12-23,266.8900146484375,272.1700134277344,266.2300109863281,268.1099853515625,268.1099853515625,14329000,META,2020,-0.25,-0.25,-0.25,0.0038188777909684115,-0.25,-0.25
2020-12-24,268.8800048828125,270.3999938964844,266.20001220703125,267.3999938964844,267.3999938964844,6702000,META,2020,,-0.07765416666666668,0.06654000000000002,-0.0026481288808342537,-0.0026481288808342537,0.7162376205611761
2020-12-28,268.739990234375,277.29998779296875,265.6600036621094,277.0,277.0,23299700,META,2020,,-0.07765416666666668,0.43533999999999995,0.03588587866740501,0.03588587866740501,1.600413752565769
2020-12-29,276.95001220703125,280.510009765625,276.2799987792969,276.7799987792969,276.7799987792969,16383000,META,2020,,0.08683500000000001,-0.21324,-0.0007942280665860451,-0.0007942280665860451,1.2927757161931819
2020-12-30,277.95001220703125,278.0799865722656,271.7099914550781,271.8699951171875,271.8699951171875,11803800,META,2020,0.0,0.0,0.0,-0.017737873734336346,0.0,0.0
2020-12-31,272.0,277.0899963378906,269.8099975585937,273.1600036621094,273.1600036621094,12900400,META,2020,0.5994,0.5994,0.5994,0.004744910754668002,0.5994,0.5994
